{"id": "391d39e9-ea07-43d3-9a6c-f7632a52e098", "agents": [{"number": 0, "data": {"timeout": 60}, "history": [{"type": "human", "content": "{\n    \"user\": \"?\"\n}\n"}, {"type": "ai", "content": "{\n    \"thoughts\": [\n        \"The user has not provided a specific task or question.\",\n        \"I need to wait for further instructions or clarification from the user.\"\n    ],\n    \"tool_name\": \"response\",\n    \"tool_args\": {\n        \"text\": \"Please provide a specific task or question you would like assistance with.\"\n    }\n}"}]}], "streaming_agent": 0, "log": {"guid": "4b0421e8-1f4d-4ae6-8c5b-14c9314a80a0", "logs": [{"no": 0, "type": "user", "heading": "User message", "content": "?", "temp": false, "kvps": null}, {"no": 1, "type": "info", "heading": "", "content": "Searching memories...", "temp": true, "kvps": null}, {"no": 2, "type": "util", "heading": "No useful memories found", "content": "", "temp": false, "kvps": {"query": "\"?\""}}, {"no": 3, "type": "info", "heading": "", "content": "Searching memory for solutions...", "temp": true, "kvps": null}, {"no": 4, "type": "util", "heading": "0 instruments, 0 solutions found", "content": "", "temp": false, "kvps": {"query": "search query"}}, {"no": 5, "type": "agent", "heading": "Agent 0: Generating", "content": "{\n    \"thoughts\": [\n        \"The user has not provided a specific task or question.\",\n        \"I need to wait for further instructions or clarification from the user.\"\n    ],\n    \"tool_name\": \"response\",\n    \"tool_args\": {\n        \"text\": \"Please provide a specific task or question you would like assistance with.\"\n    }\n}", "temp": false, "kvps": {"thoughts": ["The user has not provided a specific task or question.", "I need to wait for further instructions or clarification from the user."], "tool_name": "response", "tool_args": {"text": "Please provide a specific task or question you would like assistance with."}}}, {"no": 6, "type": "response", "heading": "Agent 0: Responding", "content": "Please provide a specific task or question you would like assistance with.", "temp": false, "kvps": null}], "progress": "Agent 0: Responding", "progress_no": 6}}