{"id": "600e658d-5b9a-4256-85a8-7a38214bb6c3", "agents": [{"number": 0, "data": {"timeout": 60, "cot_state": null}, "history": [{"type": "human", "content": "{\n    \"user\": \"hi\"\n}\n"}, {"type": "ai", "content": "{\n    \"thoughts\": [\n        \"The user has greeted me...\"\n    ],\n    \"tool_name\": \"response\",\n    \"tool_args\": {\n        \"text\": \"Hello! How can I assist you today?\"\n    }\n}"}, {"type": "human", "content": "{\n    \"user\": \"dir\"\n}\n"}, {"type": "ai", "content": "{\n    \"thoughts\": [\n        \"The user has requested a directory listing.\",\n        \"I will execute the command to list the contents of the current directory.\"\n    ],\n    \"tool_name\": \"code_execution_tool\",\n    \"tool_args\": {\n        \"runtime\": \"terminal\",\n        \"code\": \"ls -la\"\n    }\n}"}, {"type": "human", "content": "{\n    \"response_from_tool\": \"code_execution_tool\",\n    \"data\": total 580616\ndrwxrwxrwx 1 root root       512 Oct 21 11:40  .\ndrwxr-xr-x 1 root root      4096 Oct 21 09:48  ..\n-rw------- 1 root root     16980 Oct 21 11:34  .bash_history\n-r--r--r-- 1 root root       154 Oct 20 18:26  .bashrc\ndrwxr-xr-x 1 root root       512 Oct 20 19:39  .cache\n-rw-r--r-- 1 root root       686 Oct 21 09:09  .env\n-rwxrwxrwx 1 root root         0 Oct 20 13:22  .gitkeep\ndrwxr-xr-x 1 root root       512 Oct 20 17:01  .ipython\n-rw------- 1 root root        20 Oct 21 05:57  .lesshst\n-r--r--r-- 1 root root       154 Oct 20 18:26  .profile\n-rw------- 1 root root         0 Oct 21 03:50  .python_history\n-rwxrwxrwx 1 root root 308023224 Oct 20 09:15  agent-zero-preinstalled-win-x86.exe\n-rw-r--r-- 1 root root         0 Oct 21 02:11  assistant.log\ndrwxr-xr-x 1 root root       512 Oct 21 05:06  my_flask_app\ndrwxr-xr-x 1 root root       512 Oct 21 04:51  my_flask_app_backup\n-rw-r--r-- 1 root root      2435 Oct 21 00:54  new_flask_app.py\ndrwxrwxrwx 1 root root       512 Oct 20 16:31 'old-but -has -good -scripts'\n-rw-r--r-- 1 root root       665 Oct 21 09:53  requirements.txt\n-rw-r--r-- 1 root root      2546 Oct 21 09:03  run_ui.py\n-rw-r--r-- 1 root root     16001 Oct 21 06:32  super-uper.py\n-rw-r--r-- 1 root root       398 Oct 21 08:23  test_flask_app.py\n-rw-r--r-- 1 root root       641 Oct 21 08:28  test_openai_api.py\n-rw-r--r-- 1 root root       135 Oct 21 08:56  update_instructions.txt\ndrwxrwxrwx 1 root root       512 Oct 21 09:03  venv\n-rw------- 1 root root 191145296 Oct 21 11:45  zi3BA1Pq\n-rw------- 1 root root  95317219 Oct 20 18:54  ziDBihde\n(venv) root@52998534cb98:~#\n}\n"}, {"type": "ai", "content": "{\n    \"thoughts\": [\n        \"I have received the directory listing from the command execution.\",\n        \"The contents of the current directory include various files and folders, such as .bash_history, .bashrc, and several Python scripts.\",\n        \"I will now prepare the response to the user with the directory contents.\"\n    ],\n    \"tool_name\": \"response\",\n    \"tool_args\": {\n        \"text\": \"Here are the contents of the current directory:\\n\\n```\\ntotal 580616\\ndrwxrwxrwx 1 root root       512 Oct 21 11:40  .\\ndrwxr-xr-x 1 root root      4096 Oct 21 09:48  ..\\n-rw------- 1 root root     16980 Oct 21 11:34  .bash_history\\n-r--r--r-- 1 root root       154 Oct 20 18:26  .bashrc\\ndrwxr-xr-x 1 root root       512 Oct 20 19:39  .cache\\n-rw-r--r-- 1 root root       686 Oct 21 09:09  .env\\n-rwxrwxrwx 1 root root         0 Oct 20 13:22  .gitkeep\\ndrwxr-xr-x 1 root root       512 Oct 20 17:01  .ipython\\n-rw------- 1 root root        20 Oct 21 05:57  .lesshst\\n-r--r--r-- 1 root root       154 Oct 20 18:26  .profile\\n-rw------- 1 root root         0 Oct 21 03:50  .python_history\\n-rwxrwxrwx 1 root root 308023224 Oct 20 09:15  agent-zero-preinstalled-win-x86.exe\\n-rw-r--r-- 1 root root         0 Oct 21 02:11  assistant.log\\ndrwxr-xr-x 1 root root       512 Oct 21 05:06  my_flask_app\\ndrwxr-xr-x 1 root root       512 Oct 21 04:51  my_flask_app_backup\\n-rw-r--r-- 1 root root      2435 Oct 21 00:54  new_flask_app.py\\ndrwxrwxrwx 1 root root       512 Oct 20 16:31  'old-but -has -good -scripts'\\n-rw-r--r-- 1 root root       665 Oct 21 09:53  requirements.txt\\n-rw-r--r-- 1 root root      2546 Oct 21 09:03  run_ui.py\\n-rw-r--r-- 1 root root     16001 Oct 21 06:32  super-uper.py\\n-rw-r--r-- 1 root root       398 Oct 21 08:23  test_flask_app.py\\n-rw-r--r-- 1 root root       641 Oct 21 08:28  test_openai_api.py\\n-rw-r--r-- 1 root root       135 Oct 21 08:56  update_instructions.txt\\ndrwxrwxrwx 1 root root       512 Oct 21 09:03  venv\\n-rw------- 1 root root 191145296 Oct 21 11:45  zi3BA1Pq\\n-rw------- 1 root root  95317219 Oct 20 18:54  ziDBihde\\n```\\n\\nLet me know if you need any further assistance!\"\n    }\n}"}]}], "streaming_agent": 0, "log": {"guid": "5ceca354-16f3-4f59-9fb4-614a68a7416d", "logs": [{"no": 0, "type": "user", "heading": "User message", "content": "hi", "temp": false, "kvps": null}, {"no": 1, "type": "info", "heading": "", "content": "Searching memories...", "temp": true, "kvps": null}, {"no": 2, "type": "util", "heading": "No useful memories found", "content": "", "temp": false, "kvps": {"query": "\"greeting\""}}, {"no": 3, "type": "util", "heading": "Initializing VectorDB in '/default'", "content": "", "temp": false, "kvps": {"progress": "\nInitializing VectorDB\nFound 2 knowledge files in C:\\Users\\Mad\\Desktop\\agent-zero-0.7.1\\knowledge\\default\\main, processing...\nProcessed 6 documents from 2 files.\nProcessed 0 documents from 0 files.\nFound 1 knowledge files in C:\\Users\\Mad\\Desktop\\agent-zero-0.7.1\\knowledge\\default\\solutions, processing...\nProcessed 1 documents from 1 files.\nProcessed 0 documents from 0 files.\nProcessed 0 documents from 0 files.\nProcessed 0 documents from 0 files.\nProcessed 0 documents from 0 files.\nProcessed 0 documents from 0 files.\nFound 1 knowledge files in C:\\Users\\Mad\\Desktop\\agent-zero-0.7.1\\instruments, processing...\nProcessed 1 documents from 1 files."}}, {"no": 4, "type": "info", "heading": "", "content": "Searching memory for solutions...", "temp": true, "kvps": null}, {"no": 5, "type": "util", "heading": "0 instruments, 0 solutions found", "content": "", "temp": false, "kvps": {"query": "greeting response"}}, {"no": 6, "type": "agent", "heading": "Agent 0: Generating", "content": "{\n    \"thoughts\": [\n        \"The user has greeted me...\"\n    ],\n    \"tool_name\": \"response\",\n    \"tool_args\": {\n        \"text\": \"Hello! How can I assist you today?\"\n    }\n}", "temp": false, "kvps": {"thoughts": ["The user has greeted me..."], "tool_name": "response", "tool_args": {"text": "Hello! How can I assist you today?"}}}, {"no": 7, "type": "response", "heading": "Agent 0: Responding", "content": "Hello! How can I assist you today?", "temp": false, "kvps": null}, {"no": 8, "type": "user", "heading": "User message", "content": "dir", "temp": false, "kvps": null}, {"no": 9, "type": "info", "heading": "", "content": "Searching memories...", "temp": true, "kvps": null}, {"no": 10, "type": "util", "heading": "1 memories found", "content": "", "temp": false, "kvps": {"query": "\"directory listing\"", "memories": "<img src=\"image-9.png\" alt=\"docker install\" width=\"300\"/>\n<img src=\"image-10.png\" alt=\"docker install\" width=\"300\"/>\n\n<img src=\"image-12.png\" alt=\"docker install\" width=\"300\"/>\n<br><br>\n\n\n4. Once installed, you should see Docker Desktop application on your Windows/Mac machine. \n\n<img src=\"image-11.png\" alt=\"docker installed\" height=\"100\"/>\n<img src=\"image-13.png\" alt=\"docker installed\" height=\"100\"/>\n<br><br>\n\n5. Create account in the application.\nNo need to create images or containers, the framework will do that for you. However, this requires you to be signed in to the Docker Hub, so create a free account in the Docker Desktop application, you will be prompted when the application first runs.\n\n## 3. Download Agent Zero\n- You can clone the Agent Zero repository (https://github.com/frdel/agent-zero) from GitHub if you know how to use git. In this tutorial I will just show how to download the files.\n\n1. Go to the Agent Zero releases [here](https://github.com/frdel/agent-zero/releases).\n2. The latest release is on the top of the list, click the \"Source Code (zip)\" button under \"Assets\" to download it.\n\n<img src=\"image-14.png\" alt=\"agent zero download\" width=\"500\"/>\n<br><br>\n\n3. Extract the downloaded archive where you want to have it. I will extract them to \"agent-zero\" folder on my Desktop - \"C:\\Users\\frdel\\Desktop\\agent-zero\" on Windows and \"/Users/frdel/Desktop/agent-zero\" on MacOS.\n\n\n## 4. Set up Conda environment\n- Now that we have the project files and Conda, we can create **virtual Python environment** for this project, activate it and install requirements.\n\n1. Open your **\"Anaconda Powershell Prompt\"** application on windows or **\"Terminal\"** application on MacOS.\n2. In the terminal, navigate to your Agent Zero folder using **\"cd\"** command. Replace the path with your actual Agent Zero folder path.\n~~~\ncd C:\\Users\\frdel\\Desktop\\agent-zero\n~~~\nYou should see your folder has changed on the next terminal line.\n\n<img src=\"image-15.png\" alt=\"agent zero cd\" height=\"100\"/>\n<img src=\"image-16.png\" alt=\"agent zero cd\" height=\"100\"/>\n<br><br>\n\n3. Create Conda environment using command **\"conda create\"**. After **\"-n\"** is your environment name, you can choose your own, i will use **\"a0\"** - short for Agent Zero. After **\"python\"** is the Python version that Conda will install for you into this environment, right now, 3.12 works fine. **-y** skips confirmations.\n~~~\nconda create -n a0 python=3.12 -y\n~~~\n\n4. Once done, activate the new environment for this terminal window by another command:\n~~~\nconda activate a0\n~~~\nAnd you should see that the **(base)** on the left has changed to **(a0)**. This means that this terminal now uses the new **a0** virtual environment and all packages will be installed into this environment.\n\n<img src=\"image-17.png\" alt=\"conda env\" height=\"200\"/>\n<img src=\"image-18.png\" alt=\"conda env\" height=\"200\"/>\n<br><br>\n\n> ⚠️ If you open a new terminal window, you will need to activate the environment with \"conda activate a0\" again for that window.\n\n5. Install requirements using **\"pip\"**. Pip is a Python package manager. We can install all required packages from requirements.txt file using command:\n~~~\npip install -r requirements.txt\n~~~\nThis might take some time. If you get any errors regarding version conflicts and compatibility, double check that your environment is activated and that you created that environment with the correct Python version.\n\n<img src=\"image-19.png\" alt=\"conda reqs\" height=\"200\"/>\n<br><br>\n\n## 5. Configure Agent Zero\n- Now we can configure Agent Zero - select models, settings, API Keys etc.\n- I will leave the default configuration using OpenAI API and I will just provide my OpenAI API key in the **.env** file."}}, {"no": 11, "type": "util", "heading": "Initializing VectorDB in '/default'", "content": "", "temp": false, "kvps": {"progress": "\nInitializing VectorDB\nFound 2 knowledge files in C:\\Users\\Mad\\Desktop\\agent-zero-0.7.1\\knowledge\\default\\main, processing...\nProcessed 0 documents from 0 files.\nProcessed 0 documents from 0 files.\nFound 1 knowledge files in C:\\Users\\Mad\\Desktop\\agent-zero-0.7.1\\knowledge\\default\\solutions, processing...\nProcessed 0 documents from 0 files.\nProcessed 0 documents from 0 files.\nProcessed 0 documents from 0 files.\nProcessed 0 documents from 0 files.\nProcessed 0 documents from 0 files.\nProcessed 0 documents from 0 files.\nFound 1 knowledge files in C:\\Users\\Mad\\Desktop\\agent-zero-0.7.1\\instruments, processing...\nProcessed 0 documents from 0 files."}}, {"no": 12, "type": "info", "heading": "", "content": "Searching memory for solutions...", "temp": true, "kvps": null}, {"no": 13, "type": "util", "heading": "0 instruments, 0 solutions found", "content": "", "temp": false, "kvps": {"query": "list directory contents"}}, {"no": 14, "type": "agent", "heading": "Agent 0: Generating", "content": "{\n    \"thoughts\": [\n        \"The user has requested a directory listing.\",\n        \"I will execute the command to list the contents of the current directory.\"\n    ],\n    \"tool_name\": \"code_execution_tool\",\n    \"tool_args\": {\n        \"runtime\": \"terminal\",\n        \"code\": \"ls -la\"\n    }\n}", "temp": false, "kvps": {"thoughts": ["The user has requested a directory listing.", "I will execute the command to list the contents of the current directory."], "tool_name": "code_execution_tool", "tool_args": {"runtime": "terminal", "code": "ls -la"}}}, {"no": 15, "type": "code_exe", "heading": "Agent 0: Using tool 'code_execution_tool'", "content": "total 580616\ndrwxrwxrwx 1 root root       512 Oct 21 11:40  .\ndrwxr-xr-x 1 root root      4096 Oct 21 09:48  ..\n-rw------- 1 root root     16980 Oct 21 11:34  .bash_history\n-r--r--r-- 1 root root       154 Oct 20 18:26  .bashrc\ndrwxr-xr-x 1 root root       512 Oct 20 19:39  .cache\n-rw-r--r-- 1 root root       686 Oct 21 09:09  .env\n-rwxrwxrwx 1 root root         0 Oct 20 13:22  .gitkeep\ndrwxr-xr-x 1 root root       512 Oct 20 17:01  .ipython\n-rw------- 1 root root        20 Oct 21 05:57  .lesshst\n-r--r--r-- 1 root root       154 Oct 20 18:26  .profile\n-rw------- 1 root root         0 Oct 21 03:50  .python_history\n-rwxrwxrwx 1 root root 308023224 Oct 20 09:15  agent-zero-preinstalled-win-x86.exe\n-rw-r--r-- 1 root root         0 Oct 21 02:11  assistant.log\ndrwxr-xr-x 1 root root       512 Oct 21 05:06  my_flask_app\ndrwxr-xr-x 1 root root       512 Oct 21 04:51  my_flask_app_backup\n-rw-r--r-- 1 root root      2435 Oct 21 00:54  new_flask_app.py\ndrwxrwxrwx 1 root root       512 Oct 20 16:31 'old-but -has -good -scripts'\n-rw-r--r-- 1 root root       665 Oct 21 09:53  requirements.txt\n-rw-r--r-- 1 root root      2546 Oct 21 09:03  run_ui.py\n-rw-r--r-- 1 root root     16001 Oct 21 06:32  super-uper.py\n-rw-r--r-- 1 root root       398 Oct 21 08:23  test_flask_app.py\n-rw-r--r-- 1 root root       641 Oct 21 08:28  test_openai_api.py\n-rw-r--r-- 1 root root       135 Oct 21 08:56  update_instructions.txt\ndrwxrwxrwx 1 root root       512 Oct 21 09:03  venv\n-rw------- 1 root root 191145296 Oct 21 11:45  zi3BA1Pq\n-rw------- 1 root root  95317219 Oct 20 18:54  ziDBihde\n(venv) root@52998534cb98:~#", "temp": false, "kvps": {"runtime": "terminal", "code": "ls -la"}}, {"no": 16, "type": "hint", "heading": "", "content": "Connection to Docker failed. Is docker or Docker Desktop running?", "temp": false, "kvps": null}, {"no": 17, "type": "error", "heading": "", "content": "Traceback (most recent call last):\n  File \"C:\\Users\\Mad\\AppData\\Local\\Packages\\PythonSoftwareFoundation.Python.3.12_qbz5n2kfra8p0\\LocalCache\\local-packages\\Python312\\site-packages\\docker\\api\\client.py\", line 207, in __init__\n    self._version = self._retrieve_server_version()\n                    ^^^^^^^^^^^^^^^^^^^^^^^^^^^^^^^\n  File \"C:\\Users\\Mad\\AppData\\Local\\Packages\\PythonSoftwareFoundation.Python.3.12_qbz5n2kfra8p0\\LocalCache\\local-packages\\Python312\\site-packages\\docker\\api\\client.py\", line 230, in _retrieve_server_version\n    raise DockerException(\ndocker.errors.DockerException: Error while fetching server API version: (2, 'CreateFile', 'The system cannot find the file specified.')\n", "temp": false, "kvps": null}, {"no": 18, "type": "hint", "heading": "", "content": "Connection to Docker failed. Is docker or Docker Desktop running?", "temp": false, "kvps": null}, {"no": 19, "type": "error", "heading": "", "content": "Traceback (most recent call last):\n  File \"C:\\Users\\Mad\\AppData\\Local\\Packages\\PythonSoftwareFoundation.Python.3.12_qbz5n2kfra8p0\\LocalCache\\local-packages\\Python312\\site-packages\\docker\\api\\client.py\", line 207, in __init__\n    self._version = self._retrieve_server_version()\n                    ^^^^^^^^^^^^^^^^^^^^^^^^^^^^^^^\n  File \"C:\\Users\\Mad\\AppData\\Local\\Packages\\PythonSoftwareFoundation.Python.3.12_qbz5n2kfra8p0\\LocalCache\\local-packages\\Python312\\site-packages\\docker\\api\\client.py\", line 230, in _retrieve_server_version\n    raise DockerException(\ndocker.errors.DockerException: Error while fetching server API version: (2, 'CreateFile', 'The system cannot find the file specified.')\n", "temp": false, "kvps": null}, {"no": 20, "type": "hint", "heading": "", "content": "Connection to Docker failed. Is docker or Docker Desktop running?", "temp": false, "kvps": null}, {"no": 21, "type": "error", "heading": "", "content": "Traceback (most recent call last):\n  File \"C:\\Users\\Mad\\AppData\\Local\\Packages\\PythonSoftwareFoundation.Python.3.12_qbz5n2kfra8p0\\LocalCache\\local-packages\\Python312\\site-packages\\docker\\api\\client.py\", line 207, in __init__\n    self._version = self._retrieve_server_version()\n                    ^^^^^^^^^^^^^^^^^^^^^^^^^^^^^^^\n  File \"C:\\Users\\Mad\\AppData\\Local\\Packages\\PythonSoftwareFoundation.Python.3.12_qbz5n2kfra8p0\\LocalCache\\local-packages\\Python312\\site-packages\\docker\\api\\client.py\", line 230, in _retrieve_server_version\n    raise DockerException(\ndocker.errors.DockerException: Error while fetching server API version: 500 Server Error for http+docker://localnpipe/version: Internal Server Error\n", "temp": false, "kvps": null}, {"no": 22, "type": "hint", "heading": "", "content": "Connection to Docker failed. Is docker or Docker Desktop running?", "temp": false, "kvps": null}, {"no": 23, "type": "error", "heading": "", "content": "Traceback (most recent call last):\n  File \"C:\\Users\\Mad\\AppData\\Local\\Packages\\PythonSoftwareFoundation.Python.3.12_qbz5n2kfra8p0\\LocalCache\\local-packages\\Python312\\site-packages\\docker\\api\\client.py\", line 207, in __init__\n    self._version = self._retrieve_server_version()\n                    ^^^^^^^^^^^^^^^^^^^^^^^^^^^^^^^\n  File \"C:\\Users\\Mad\\AppData\\Local\\Packages\\PythonSoftwareFoundation.Python.3.12_qbz5n2kfra8p0\\LocalCache\\local-packages\\Python312\\site-packages\\docker\\api\\client.py\", line 230, in _retrieve_server_version\n    raise DockerException(\ndocker.errors.DockerException: Error while fetching server API version: 500 Server Error for http+docker://localnpipe/version: Internal Server Error\n", "temp": false, "kvps": null}, {"no": 24, "type": "hint", "heading": "", "content": "Connection to Docker failed. Is docker or Docker Desktop running?", "temp": false, "kvps": null}, {"no": 25, "type": "error", "heading": "", "content": "Traceback (most recent call last):\n  File \"C:\\Users\\Mad\\AppData\\Local\\Packages\\PythonSoftwareFoundation.Python.3.12_qbz5n2kfra8p0\\LocalCache\\local-packages\\Python312\\site-packages\\docker\\api\\client.py\", line 207, in __init__\n    self._version = self._retrieve_server_version()\n                    ^^^^^^^^^^^^^^^^^^^^^^^^^^^^^^^\n  File \"C:\\Users\\Mad\\AppData\\Local\\Packages\\PythonSoftwareFoundation.Python.3.12_qbz5n2kfra8p0\\LocalCache\\local-packages\\Python312\\site-packages\\docker\\api\\client.py\", line 230, in _retrieve_server_version\n    raise DockerException(\ndocker.errors.DockerException: Error while fetching server API version: 500 Server Error for http+docker://localnpipe/version: Internal Server Error\n", "temp": false, "kvps": null}, {"no": 26, "type": "info", "heading": "", "content": "Starting existing container: agent-zero-exe for safe code execution...", "temp": true, "kvps": null}, {"no": 27, "type": "info", "heading": "", "content": "SSH Connection attempt 1...", "temp": true, "kvps": null}, {"no": 28, "type": "agent", "heading": "Agent 0: Generating", "content": "{\n    \"thoughts\": [\n        \"I have received the directory listing from the command execution.\",\n        \"The contents of the current directory include various files and folders, such as .bash_history, .bashrc, and several Python scripts.\",\n        \"I will now prepare the response to the user with the directory contents.\"\n    ],\n    \"tool_name\": \"response\",\n    \"tool_args\": {\n        \"text\": \"Here are the contents of the current directory:\\n\\n```\\ntotal 580616\\ndrwxrwxrwx 1 root root       512 Oct 21 11:40  .\\ndrwxr-xr-x 1 root root      4096 Oct 21 09:48  ..\\n-rw------- 1 root root     16980 Oct 21 11:34  .bash_history\\n-r--r--r-- 1 root root       154 Oct 20 18:26  .bashrc\\ndrwxr-xr-x 1 root root       512 Oct 20 19:39  .cache\\n-rw-r--r-- 1 root root       686 Oct 21 09:09  .env\\n-rwxrwxrwx 1 root root         0 Oct 20 13:22  .gitkeep\\ndrwxr-xr-x 1 root root       512 Oct 20 17:01  .ipython\\n-rw------- 1 root root        20 Oct 21 05:57  .lesshst\\n-r--r--r-- 1 root root       154 Oct 20 18:26  .profile\\n-rw------- 1 root root         0 Oct 21 03:50  .python_history\\n-rwxrwxrwx 1 root root 308023224 Oct 20 09:15  agent-zero-preinstalled-win-x86.exe\\n-rw-r--r-- 1 root root         0 Oct 21 02:11  assistant.log\\ndrwxr-xr-x 1 root root       512 Oct 21 05:06  my_flask_app\\ndrwxr-xr-x 1 root root       512 Oct 21 04:51  my_flask_app_backup\\n-rw-r--r-- 1 root root      2435 Oct 21 00:54  new_flask_app.py\\ndrwxrwxrwx 1 root root       512 Oct 20 16:31  'old-but -has -good -scripts'\\n-rw-r--r-- 1 root root       665 Oct 21 09:53  requirements.txt\\n-rw-r--r-- 1 root root      2546 Oct 21 09:03  run_ui.py\\n-rw-r--r-- 1 root root     16001 Oct 21 06:32  super-uper.py\\n-rw-r--r-- 1 root root       398 Oct 21 08:23  test_flask_app.py\\n-rw-r--r-- 1 root root       641 Oct 21 08:28  test_openai_api.py\\n-rw-r--r-- 1 root root       135 Oct 21 08:56  update_instructions.txt\\ndrwxrwxrwx 1 root root       512 Oct 21 09:03  venv\\n-rw------- 1 root root 191145296 Oct 21 11:45  zi3BA1Pq\\n-rw------- 1 root root  95317219 Oct 20 18:54  ziDBihde\\n```\\n\\nLet me know if you need any further assistance!\"\n    }\n}", "temp": false, "kvps": {"thoughts": ["I have received the directory listing from the command execution.", "The contents of the current directory include various files and folders, such as .bash_history, .bashrc, and several Python scripts.", "I will now prepare the response to the user with the directory contents."], "tool_name": "response", "tool_args": {"text": "Here are the contents of the current directory:\n\n```\ntotal 580616\ndrwxrwxrwx 1 root root       512 Oct 21 11:40  .\ndrwxr-xr-x 1 root root      4096 Oct 21 09:48  ..\n-rw------- 1 root root     16980 Oct 21 11:34  .bash_history\n-r--r--r-- 1 root root       154 Oct 20 18:26  .bashrc\ndrwxr-xr-x 1 root root       512 Oct 20 19:39  .cache\n-rw-r--r-- 1 root root       686 Oct 21 09:09  .env\n-rwxrwxrwx 1 root root         0 Oct 20 13:22  .gitkeep\ndrwxr-xr-x 1 root root       512 Oct 20 17:01  .ipython\n-rw------- 1 root root        20 Oct 21 05:57  .lesshst\n-r--r--r-- 1 root root       154 Oct 20 18:26  .profile\n-rw------- 1 root root         0 Oct 21 03:50  .python_history\n-rwxrwxrwx 1 root root 308023224 Oct 20 09:15  agent-zero-preinstalled-win-x86.exe\n-rw-r--r-- 1 root root         0 Oct 21 02:11  assistant.log\ndrwxr-xr-x 1 root root       512 Oct 21 05:06  my_flask_app\ndrwxr-xr-x 1 root root       512 Oct 21 04:51  my_flask_app_backup\n-rw-r--r-- 1 root root      2435 Oct 21 00:54  new_flask_app.py\ndrwxrwxrwx 1 root root       512 Oct 20 16:31  'old-but -has -good -scripts'\n-rw-r--r-- 1 root root       665 Oct 21 09:53  requirements.txt\n-rw-r--r-- 1 root root      2546 Oct 21 09:03  run_ui.py\n-rw-r--r-- 1 root root     16001 Oct 21 06:32  super-uper.py\n-rw-r--r-- 1 root root       398 Oct 21 08:23  test_flask_app.py\n-rw-r--r-- 1 root root       641 Oct 21 08:28  test_openai_api.py\n-rw-r--r-- 1 root root       135 Oct 21 08:56  update_instructions.txt\ndrwxrwxrwx 1 root root       512 Oct 21 09:03  venv\n-rw------- 1 root root 191145296 Oct 21 11:45  zi3BA1Pq\n-rw------- 1 root root  95317219 Oct 20 18:54  ziDBihde\n```\n\nLet me know if you need any further assistance!"}}}, {"no": 29, "type": "response", "heading": "Agent 0: Responding", "content": "Here are the contents of the current directory:\n\n```\ntotal 580616\ndrwxrwxrwx 1 root root       512 Oct 21 11:40  .\ndrwxr-xr-x 1 root root      4096 Oct 21 09:48  ..\n-rw------- 1 root root     16980 Oct 21 11:34  .bash_history\n-r--r--r-- 1 root root       154 Oct 20 18:26  .bashrc\ndrwxr-xr-x 1 root root       512 Oct 20 19:39  .cache\n-rw-r--r-- 1 root root       686 Oct 21 09:09  .env\n-rwxrwxrwx 1 root root         0 Oct 20 13:22  .gitkeep\ndrwxr-xr-x 1 root root       512 Oct 20 17:01  .ipython\n-rw------- 1 root root        20 Oct 21 05:57  .lesshst\n-r--r--r-- 1 root root       154 Oct 20 18:26  .profile\n-rw------- 1 root root         0 Oct 21 03:50  .python_history\n-rwxrwxrwx 1 root root 308023224 Oct 20 09:15  agent-zero-preinstalled-win-x86.exe\n-rw-r--r-- 1 root root         0 Oct 21 02:11  assistant.log\ndrwxr-xr-x 1 root root       512 Oct 21 05:06  my_flask_app\ndrwxr-xr-x 1 root root       512 Oct 21 04:51  my_flask_app_backup\n-rw-r--r-- 1 root root      2435 Oct 21 00:54  new_flask_app.py\ndrwxrwxrwx 1 root root       512 Oct 20 16:31  'old-but -has -good -scripts'\n-rw-r--r-- 1 root root       665 Oct 21 09:53  requirements.txt\n-rw-r--r-- 1 root root      2546 Oct 21 09:03  run_ui.py\n-rw-r--r-- 1 root root     16001 Oct 21 06:32  super-uper.py\n-rw-r--r-- 1 root root       398 Oct 21 08:23  test_flask_app.py\n-rw-r--r-- 1 root root       641 Oct 21 08:28  test_openai_api.py\n-rw-r--r-- 1 root root       135 Oct 21 08:56  update_instructions.txt\ndrwxrwxrwx 1 root root       512 Oct 21 09:03  venv\n-rw------- 1 root root 191145296 Oct 21 11:45  zi3BA1Pq\n-rw------- 1 root root  95317219 Oct 20 18:54  ziDBihde\n```\n\nLet me know if you need any further assistance!", "temp": false, "kvps": null}], "progress": "Agent 0: Responding", "progress_no": 29}}