{"id": "91410efa-b527-4949-9514-3dc92447341c", "agents": [{"number": 0, "data": {"cot_state": null, "timeout": 60}, "history": [{"type": "human", "content": "{\n    \"user\": \"dir\"\n}\n"}, {"type": "ai", "content": "{\n    \"thoughts\": [\n        \"The user has requested a directory listing using the command 'dir'.\",\n        \"I will execute the command to list the contents of the current directory.\"\n    ],\n    \"tool_name\": \"code_execution_tool\",\n    \"tool_args\": {\n        \"runtime\": \"terminal\",\n        \"code\": \"ls -la\"\n    }\n}"}, {"type": "human", "content": "{\n    \"response_from_tool\": \"code_execution_tool\",\n    \"data\": (venv) root@52998534cb98:~# ls -la\ntotal 580616\ndrwxrwxrwx 1 root root       512 Oct 23 02:23  .\ndrwxr-xr-x 1 root root      4096 Oct 21 09:48  ..\n-rw------- 1 root root     16948 Oct 23 02:23  .bash_history\n-r--r--r-- 1 root root       154 Oct 20 18:26  .bashrc\ndrwxr-xr-x 1 root root       512 Oct 20 19:39  .cache\n-rw-r--r-- 1 root root       686 Oct 21 09:09  .env\n-rwxrwxrwx 1 root root         0 Oct 20 13:22  .gitkeep\ndrwxr-xr-x 1 root root       512 Oct 20 17:01  .ipython\n-rw------- 1 root root        20 Oct 21 05:57  .lesshst\n-r--r--r-- 1 root root       154 Oct 20 18:26  .profile\n-rw------- 1 root root         0 Oct 21 03:50  .python_history\n-rwxrwxrwx 1 root root 308023224 Oct 20 09:15  agent-zero-preinstalled-win-x86.exe\n-rw-r--r-- 1 root root         0 Oct 21 02:11  assistant.log\ndrwxr-xr-x 1 root root       512 Oct 21 05:06  my_flask_app\ndrwxr-xr-x 1 root root       512 Oct 21 04:51  my_flask_app_backup\n-rw-r--r-- 1 root root      2435 Oct 21 00:54  new_flask_app.py\ndrwxrwxrwx 1 root root       512 Oct 20 16:31 'old-but -has -good -scripts'\n-rw-r--r-- 1 root root       665 Oct 21 09:53  requirements.txt\n-rw-r--r-- 1 root root      2546 Oct 21 09:03  run_ui.py\n-rw-r--r-- 1 root root     16001 Oct 21 06:32  super-uper.py\n-rw-r--r-- 1 root root       398 Oct 21 08:23  test_flask_app.py\n-rw-r--r-- 1 root root       641 Oct 21 08:28  test_openai_api.py\n-rw-r--r-- 1 root root       135 Oct 21 08:56  update_instructions.txt\ndrwxrwxrwx 1 root root       512 Oct 21 09:03  venv\n-rw------- 1 root root 191145296 Oct 21 11:45  zi3BA1Pq\n-rw------- 1 root root  95317219 Oct 20 18:54  ziDBihde\n(venv) root@52998534cb98:~#\n}\n"}, {"type": "ai", "content": "{\n    \"thoughts\": [\n        \"The directory listing has been successfully retrieved.\",\n        \"The contents of the current directory include various files and folders, such as Python scripts, logs, and a virtual environment.\",\n        \"I will prepare the response to present the directory contents to the user.\"\n    ],\n    \"tool_name\": \"response\",\n    \"tool_args\": {\n        \"text\": \"Directory contents:\\n\\n- **.bash_history**: 16,948 bytes\\n- **.bashrc**: 154 bytes\\n- **.cache**: Directory\\n- **.env**: 686 bytes\\n- **.gitkeep**: 0 bytes\\n- **.ipython**: Directory\\n- **.lesshst**: 20 bytes\\n- **.profile**: 154 bytes\\n- **.python_history**: 0 bytes\\n- **agent-zero-preinstalled-win-x86.exe**: 308,023,224 bytes\\n- **assistant.log**: 0 bytes\\n- **my_flask_app**: Directory\\n- **my_flask_app_backup**: Directory\\n- **new_flask_app.py**: 2,435 bytes\\n- **old-but -has -good -scripts**: Directory\\n- **requirements.txt**: 665 bytes\\n- **run_ui.py**: 2,546 bytes\\n- **super-uper.py**: 16,001 bytes\\n- **test_flask_app.py**: 398 bytes\\n- **test_openai_api.py**: 641 bytes\\n- **update_instructions.txt**: 135 bytes\\n- **venv**: Directory\\n- **zi3BA1Pq**: 191,145,296 bytes\\n- **ziDBihde**: 95,317,219 bytes\"\n    }\n}"}]}], "streaming_agent": 0, "log": {"guid": "4de157bf-d923-4a2f-8323-e528e01c2e0e", "logs": [{"no": 0, "type": "user", "heading": "User message", "content": "dir", "temp": false, "kvps": null}, {"no": 1, "type": "info", "heading": "", "content": "Searching memories...", "temp": true, "kvps": null}, {"no": 2, "type": "util", "heading": "2 memories found", "content": "", "temp": false, "kvps": {"query": "\"dir command in command line\"", "memories": "The user has requested a directory listing using the command 'dir'.\n\nThe contents of the current directory include various files and folders, such as .bash_history, .bashrc, and several Python scripts."}}, {"no": 3, "type": "info", "heading": "", "content": "Searching memory for solutions...", "temp": true, "kvps": null}, {"no": 4, "type": "util", "heading": "0 instruments, 0 solutions found", "content": "", "temp": false, "kvps": {"query": "list directory contents"}}, {"no": 5, "type": "agent", "heading": "Agent 0: Generating", "content": "{\n    \"thoughts\": [\n        \"The user has requested a directory listing using the command 'dir'.\",\n        \"I will execute the command to list the contents of the current directory.\"\n    ],\n    \"tool_name\": \"code_execution_tool\",\n    \"tool_args\": {\n        \"runtime\": \"terminal\",\n        \"code\": \"ls -la\"\n    }\n}", "temp": false, "kvps": {"thoughts": ["The user has requested a directory listing using the command 'dir'.", "I will execute the command to list the contents of the current directory."], "tool_name": "code_execution_tool", "tool_args": {"runtime": "terminal", "code": "ls -la"}}}, {"no": 6, "type": "code_exe", "heading": "Agent 0: Using tool 'code_execution_tool'", "content": "(venv) root@52998534cb98:~# ls -la\ntotal 580616\ndrwxrwxrwx 1 root root       512 Oct 23 02:23  .\ndrwxr-xr-x 1 root root      4096 Oct 21 09:48  ..\n-rw------- 1 root root     16948 Oct 23 02:23  .bash_history\n-r--r--r-- 1 root root       154 Oct 20 18:26  .bashrc\ndrwxr-xr-x 1 root root       512 Oct 20 19:39  .cache\n-rw-r--r-- 1 root root       686 Oct 21 09:09  .env\n-rwxrwxrwx 1 root root         0 Oct 20 13:22  .gitkeep\ndrwxr-xr-x 1 root root       512 Oct 20 17:01  .ipython\n-rw------- 1 root root        20 Oct 21 05:57  .lesshst\n-r--r--r-- 1 root root       154 Oct 20 18:26  .profile\n-rw------- 1 root root         0 Oct 21 03:50  .python_history\n-rwxrwxrwx 1 root root 308023224 Oct 20 09:15  agent-zero-preinstalled-win-x86.exe\n-rw-r--r-- 1 root root         0 Oct 21 02:11  assistant.log\ndrwxr-xr-x 1 root root       512 Oct 21 05:06  my_flask_app\ndrwxr-xr-x 1 root root       512 Oct 21 04:51  my_flask_app_backup\n-rw-r--r-- 1 root root      2435 Oct 21 00:54  new_flask_app.py\ndrwxrwxrwx 1 root root       512 Oct 20 16:31 'old-but -has -good -scripts'\n-rw-r--r-- 1 root root       665 Oct 21 09:53  requirements.txt\n-rw-r--r-- 1 root root      2546 Oct 21 09:03  run_ui.py\n-rw-r--r-- 1 root root     16001 Oct 21 06:32  super-uper.py\n-rw-r--r-- 1 root root       398 Oct 21 08:23  test_flask_app.py\n-rw-r--r-- 1 root root       641 Oct 21 08:28  test_openai_api.py\n-rw-r--r-- 1 root root       135 Oct 21 08:56  update_instructions.txt\ndrwxrwxrwx 1 root root       512 Oct 21 09:03  venv\n-rw------- 1 root root 191145296 Oct 21 11:45  zi3BA1Pq\n-rw------- 1 root root  95317219 Oct 20 18:54  ziDBihde\n(venv) root@52998534cb98:~#", "temp": false, "kvps": {"runtime": "terminal", "code": "ls -la"}}, {"no": 7, "type": "agent", "heading": "Agent 0: Generating", "content": "{\n    \"thoughts\": [\n        \"The directory listing has been successfully retrieved.\",\n        \"The contents of the current directory include various files and folders, such as Python scripts, logs, and a virtual environment.\",\n        \"I will prepare the response to present the directory contents to the user.\"\n    ],\n    \"tool_name\": \"response\",\n    \"tool_args\": {\n        \"text\": \"Directory contents:\\n\\n- **.bash_history**: 16,948 bytes\\n- **.bashrc**: 154 bytes\\n- **.cache**: Directory\\n- **.env**: 686 bytes\\n- **.gitkeep**: 0 bytes\\n- **.ipython**: Directory\\n- **.lesshst**: 20 bytes\\n- **.profile**: 154 bytes\\n- **.python_history**: 0 bytes\\n- **agent-zero-preinstalled-win-x86.exe**: 308,023,224 bytes\\n- **assistant.log**: 0 bytes\\n- **my_flask_app**: Directory\\n- **my_flask_app_backup**: Directory\\n- **new_flask_app.py**: 2,435 bytes\\n- **old-but -has -good -scripts**: Directory\\n- **requirements.txt**: 665 bytes\\n- **run_ui.py**: 2,546 bytes\\n- **super-uper.py**: 16,001 bytes\\n- **test_flask_app.py**: 398 bytes\\n- **test_openai_api.py**: 641 bytes\\n- **update_instructions.txt**: 135 bytes\\n- **venv**: Directory\\n- **zi3BA1Pq**: 191,145,296 bytes\\n- **ziDBihde**: 95,317,219 bytes\"\n    }\n}", "temp": false, "kvps": {"thoughts": ["The directory listing has been successfully retrieved.", "The contents of the current directory include various files and folders, such as Python scripts, logs, and a virtual environment.", "I will prepare the response to present the directory contents to the user."], "tool_name": "response", "tool_args": {"text": "Directory contents:\n\n- **.bash_history**: 16,948 bytes\n- **.bashrc**: 154 bytes\n- **.cache**: Directory\n- **.env**: 686 bytes\n- **.gitkeep**: 0 bytes\n- **.ipython**: Directory\n- **.lesshst**: 20 bytes\n- **.profile**: 154 bytes\n- **.python_history**: 0 bytes\n- **agent-zero-preinstalled-win-x86.exe**: 308,023,224 bytes\n- **assistant.log**: 0 bytes\n- **my_flask_app**: Directory\n- **my_flask_app_backup**: Directory\n- **new_flask_app.py**: 2,435 bytes\n- **old-but -has -good -scripts**: Directory\n- **requirements.txt**: 665 bytes\n- **run_ui.py**: 2,546 bytes\n- **super-uper.py**: 16,001 bytes\n- **test_flask_app.py**: 398 bytes\n- **test_openai_api.py**: 641 bytes\n- **update_instructions.txt**: 135 bytes\n- **venv**: Directory\n- **zi3BA1Pq**: 191,145,296 bytes\n- **ziDBihde**: 95,317,219 bytes"}}}, {"no": 8, "type": "response", "heading": "Agent 0: Responding", "content": "Directory contents:\n\n- **.bash_history**: 16,948 bytes\n- **.bashrc**: 154 bytes\n- **.cache**: Directory\n- **.env**: 686 bytes\n- **.gitkeep**: 0 bytes\n- **.ipython**: Directory\n- **.lesshst**: 20 bytes\n- **.profile**: 154 bytes\n- **.python_history**: 0 bytes\n- **agent-zero-preinstalled-win-x86.exe**: 308,023,224 bytes\n- **assistant.log**: 0 bytes\n- **my_flask_app**: Directory\n- **my_flask_app_backup**: Directory\n- **new_flask_app.py**: 2,435 bytes\n- **old-but -has -good -scripts**: Directory\n- **requirements.txt**: 665 bytes\n- **run_ui.py**: 2,546 bytes\n- **super-uper.py**: 16,001 bytes\n- **test_flask_app.py**: 398 bytes\n- **test_openai_api.py**: 641 bytes\n- **update_instructions.txt**: 135 bytes\n- **venv**: Directory\n- **zi3BA1Pq**: 191,145,296 bytes\n- **ziDBihde**: 95,317,219 bytes", "temp": false, "kvps": null}], "progress": "Agent 0: Responding", "progress_no": 8}}