{"id": "d2eca718-976a-4847-a276-36dbc212ea71", "agents": [{"number": 0, "data": {"timeout": 60}, "history": [{"type": "human", "content": "{\n    \"user\": \"hi\"\n}\n"}, {"type": "ai", "content": "{\n    \"thoughts\": [\n        \"The user has greeted me...\"\n    ],\n    \"tool_name\": \"response\",\n    \"tool_args\": {\n        \"text\": \"Hello! How can I assist you today?\"\n    }\n}"}]}], "streaming_agent": 0, "log": {"guid": "5ceca354-16f3-4f59-9fb4-614a68a7416d", "logs": [{"no": 0, "type": "user", "heading": "User message", "content": "hi", "temp": false, "kvps": null}, {"no": 1, "type": "info", "heading": "", "content": "Searching memories...", "temp": true, "kvps": null}, {"no": 2, "type": "util", "heading": "No useful memories found", "content": "", "temp": false, "kvps": {"query": "\"greeting\""}}, {"no": 3, "type": "util", "heading": "Initializing VectorDB in '/default'", "content": "", "temp": false, "kvps": {"progress": "\nInitializing VectorDB\nFound 2 knowledge files in C:\\Users\\Mad\\Desktop\\agent-zero-0.7.1\\knowledge\\default\\main, processing...\nProcessed 6 documents from 2 files.\nProcessed 0 documents from 0 files.\nFound 1 knowledge files in C:\\Users\\Mad\\Desktop\\agent-zero-0.7.1\\knowledge\\default\\solutions, processing...\nProcessed 1 documents from 1 files.\nProcessed 0 documents from 0 files.\nProcessed 0 documents from 0 files.\nProcessed 0 documents from 0 files.\nProcessed 0 documents from 0 files.\nProcessed 0 documents from 0 files.\nFound 1 knowledge files in C:\\Users\\Mad\\Desktop\\agent-zero-0.7.1\\instruments, processing...\nProcessed 1 documents from 1 files."}}, {"no": 4, "type": "info", "heading": "", "content": "Searching memory for solutions...", "temp": true, "kvps": null}, {"no": 5, "type": "util", "heading": "0 instruments, 0 solutions found", "content": "", "temp": false, "kvps": {"query": "greeting response"}}, {"no": 6, "type": "agent", "heading": "Agent 0: Generating", "content": "{\n    \"thoughts\": [\n        \"The user has greeted me...\"\n    ],\n    \"tool_name\": \"response\",\n    \"tool_args\": {\n        \"text\": \"Hello! How can I assist you today?\"\n    }\n}", "temp": false, "kvps": {"thoughts": ["The user has greeted me..."], "tool_name": "response", "tool_args": {"text": "Hello! How can I assist you today?"}}}, {"no": 7, "type": "response", "heading": "Agent 0: Responding", "content": "Hello! How can I assist you today?", "temp": false, "kvps": null}], "progress": "Agent 0: Responding", "progress_no": 7}}