{"C:\\Users\\Mad\\Documents\\Git-Projects\\Flasks\\Wai\\knowledge\\default\\main\\about\\github_readme.md": {"checksum": "bbcca49c0232f91c4676b9561ab66955", "ids": ["380498b6-c08a-4190-9625-1c18f1093abd", "b4a04115-f65b-412f-8c96-881d2cc03c29", "899dc425-a971-4122-a140-47a2985cb7f6"]}, "C:\\Users\\Mad\\Documents\\Git-Projects\\Flasks\\Wai\\knowledge\\default\\main\\about\\installation.md": {"checksum": "e4bdf80ff7bc5b16446ab694e1ad02f0", "ids": ["c69427e4-10ef-4c6f-b4c9-36ea76dae333", "afbebbb9-a6e2-49c9-bd52-7926bb947d9b", "950b9a4c-3269-447e-b318-14501b0dfa0a"]}, "C:\\Users\\Mad\\Documents\\Git-Projects\\Flasks\\Wai\\knowledge\\default\\solutions\\get_current_time.md": {"checksum": "b9605ff11e70369eda76864534830543", "ids": ["2805ef0b-94ed-4826-9d85-914634c5ceab"]}, "C:\\Users\\Mad\\Documents\\Git-Projects\\Flasks\\Wai\\instruments\\default\\yt_download\\yt_download.md": {"checksum": "e39e684d0fcbdf287229925d1e75916b", "ids": ["0403f60d-6b6d-4db4-87e9-0c5061db75da"]}}